{"accuracy":0.6463641436,"f1_macro":0.642499516,"f1_weighted":0.6439489263,"baseline":0.2423284359,"within_1_grade":0.9555514227}