{"mae":309.4657544815,"mse":389081.899202503,"rmse":623.764297794,"r2":0.9749845559,"mape":6.8359107747}